Capitulo,Palavras,Genero,Testamento,Livro,Livro_Abrev,Capitulo_Num
GN 1,719,Pentateuco,Antigo,Gênesis,gn,1
GN 2,544,Pentateuco,Antigo,Gênesis,gn,2
GN 3,599,Pentateuco,Antigo,Gênesis,gn,3
GN 4,556,Pentateuco,Antigo,Gênesis,gn,4
GN 5,344,Pentateuco,Antigo,Gênesis,gn,5
GN 6,481,Pentateuco,Antigo,Gênesis,gn,6
GN 7,513,Pentateuco,Antigo,Gênesis,gn,7
GN 8,494,Pentateuco,Antigo,Gênesis,gn,8
GN 9,554,Pentateuco,Antigo,Gênesis,gn,9
GN 10,433,Pentateuco,Antigo,Gênesis,gn,10
GN 11,481,Pentateuco,Antigo,Gênesis,gn,11
GN 12,438,Pentateuco,Antigo,Gênesis,gn,12
GN 13,392,Pentateuco,Antigo,Gênesis,gn,13
GN 14,553,Pentateuco,Antigo,Gênesis,gn,14
GN 15,399,Pentateuco,Antigo,Gênesis,gn,15
GN 16,355,Pentateuco,Antigo,Gênesis,gn,16
GN 17,569,Pentateuco,Antigo,Gênesis,gn,17
GN 18,722,Pentateuco,Antigo,Gênesis,gn,18
GN 19,927,Pentateuco,Antigo,Gênesis,gn,19
GN 20,429,Pentateuco,Antigo,Gênesis,gn,20
GN 21,631,Pentateuco,Antigo,Gênesis,gn,21
GN 22,505,Pentateuco,Antigo,Gênesis,gn,22
GN 23,425,Pentateuco,Antigo,Gênesis,gn,23
GN 24,1531,Pentateuco,Antigo,Gênesis,gn,24
GN 25,622,Pentateuco,Antigo,Gênesis,gn,25
GN 26,750,Pentateuco,Antigo,Gênesis,gn,26
GN 27,1079,Pentateuco,Antigo,Gênesis,gn,27
GN 28,530,Pentateuco,Antigo,Gênesis,gn,28
GN 29,734,Pentateuco,Antigo,Gênesis,gn,29
GN 30,933,Pentateuco,Antigo,Gênesis,gn,30
GN 31,1261,Pentateuco,Antigo,Gênesis,gn,31
GN 32,710,Pentateuco,Antigo,Gênesis,gn,32
GN 33,436,Pentateuco,Antigo,Gênesis,gn,33
GN 34,688,Pentateuco,Antigo,Gênesis,gn,34
GN 35,598,Pentateuco,Antigo,Gênesis,gn,35
GN 36,748,Pentateuco,Antigo,Gênesis,gn,36
GN 37,782,Pentateuco,Antigo,Gênesis,gn,37
GN 38,732,Pentateuco,Antigo,Gênesis,gn,38
GN 39,526,Pentateuco,Antigo,Gênesis,gn,39
GN 40,476,Pentateuco,Antigo,Gênesis,gn,40
GN 41,1192,Pentateuco,Antigo,Gênesis,gn,41
GN 42,902,Pentateuco,Antigo,Gênesis,gn,42
GN 43,844,Pentateuco,Antigo,Gênesis,gn,43
GN 44,799,Pentateuco,Antigo,Gênesis,gn,44
GN 45,660,Pentateuco,Antigo,Gênesis,gn,45
GN 46,657,Pentateuco,Antigo,Gênesis,gn,46
GN 47,818,Pentateuco,Antigo,Gênesis,gn,47
GN 48,606,Pentateuco,Antigo,Gênesis,gn,48
GN 49,685,Pentateuco,Antigo,Gênesis,gn,49
GN 50,615,Pentateuco,Antigo,Gênesis,gn,50
EX 1,392,Pentateuco,Antigo,Êxodo,ex,1
EX 2,554,Pentateuco,Antigo,Êxodo,ex,2
EX 3,645,Pentateuco,Antigo,Êxodo,ex,3
EX 4,733,Pentateuco,Antigo,Êxodo,ex,4
EX 5,511,Pentateuco,Antigo,Êxodo,ex,5
EX 6,612,Pentateuco,Antigo,Êxodo,ex,6
EX 7,613,Pentateuco,Antigo,Êxodo,ex,7
EX 8,846,Pentateuco,Antigo,Êxodo,ex,8
EX 9,852,Pentateuco,Antigo,Êxodo,ex,9
EX 10,790,Pentateuco,Antigo,Êxodo,ex,10
EX 11,258,Pentateuco,Antigo,Êxodo,ex,11
EX 12,1124,Pentateuco,Antigo,Êxodo,ex,12
EX 13,538,Pentateuco,Antigo,Êxodo,ex,13
EX 14,789,Pentateuco,Antigo,Êxodo,ex,14
EX 15,589,Pentateuco,Antigo,Êxodo,ex,15
EX 16,819,Pentateuco,Antigo,Êxodo,ex,16
EX 17,388,Pentateuco,Antigo,Êxodo,ex,17
EX 18,646,Pentateuco,Antigo,Êxodo,ex,18
EX 19,574,Pentateuco,Antigo,Êxodo,ex,19
EX 20,485,Pentateuco,Antigo,Êxodo,ex,20
EX 21,766,Pentateuco,Antigo,Êxodo,ex,21
EX 22,705,Pentateuco,Antigo,Êxodo,ex,22
EX 23,738,Pentateuco,Antigo,Êxodo,ex,23
EX 24,383,Pentateuco,Antigo,Êxodo,ex,24
EX 25,702,Pentateuco,Antigo,Êxodo,ex,25
EX 26,717,Pentateuco,Antigo,Êxodo,ex,26
EX 27,495,Pentateuco,Antigo,Êxodo,ex,27
EX 28,911,Pentateuco,Antigo,Êxodo,ex,28
EX 29,1006,Pentateuco,Antigo,Êxodo,ex,29
EX 30,759,Pentateuco,Antigo,Êxodo,ex,30
EX 31,363,Pentateuco,Antigo,Êxodo,ex,31
EX 32,866,Pentateuco,Antigo,Êxodo,ex,32
EX 33,569,Pentateuco,Antigo,Êxodo,ex,33
EX 34,853,Pentateuco,Antigo,Êxodo,ex,34
EX 35,695,Pentateuco,Antigo,Êxodo,ex,35
EX 36,755,Pentateuco,Antigo,Êxodo,ex,36
EX 37,580,Pentateuco,Antigo,Êxodo,ex,37
EX 38,753,Pentateuco,Antigo,Êxodo,ex,38
EX 39,898,Pentateuco,Antigo,Êxodo,ex,39
EX 40,641,Pentateuco,Antigo,Êxodo,ex,40
LV 1,389,Pentateuco,Antigo,Levítico,lv,1
LV 2,371,Pentateuco,Antigo,Levítico,lv,2
LV 3,403,Pentateuco,Antigo,Levítico,lv,3
LV 4,858,Pentateuco,Antigo,Levítico,lv,4
LV 5,528,Pentateuco,Antigo,Levítico,lv,5
LV 6,710,Pentateuco,Antigo,Levítico,lv,6
LV 7,833,Pentateuco,Antigo,Levítico,lv,7
LV 8,879,Pentateuco,Antigo,Levítico,lv,8
LV 9,548,Pentateuco,Antigo,Levítico,lv,9
LV 10,573,Pentateuco,Antigo,Levítico,lv,10
LV 11,918,Pentateuco,Antigo,Levítico,lv,11
LV 12,225,Pentateuco,Antigo,Levítico,lv,12
LV 13,1472,Pentateuco,Antigo,Levítico,lv,13
LV 14,1342,Pentateuco,Antigo,Levítico,lv,14
LV 15,785,Pentateuco,Antigo,Levítico,lv,15
LV 16,913,Pentateuco,Antigo,Levítico,lv,16
LV 17,389,Pentateuco,Antigo,Levítico,lv,17
LV 18,591,Pentateuco,Antigo,Levítico,lv,18
LV 19,764,Pentateuco,Antigo,Levítico,lv,19
LV 20,690,Pentateuco,Antigo,Levítico,lv,20
LV 21,513,Pentateuco,Antigo,Levítico,lv,21
LV 22,752,Pentateuco,Antigo,Levítico,lv,22
LV 23,985,Pentateuco,Antigo,Levítico,lv,23
LV 24,450,Pentateuco,Antigo,Levítico,lv,24
LV 25,1231,Pentateuco,Antigo,Levítico,lv,25
LV 26,1047,Pentateuco,Antigo,Levítico,lv,26
LV 27,778,Pentateuco,Antigo,Levítico,lv,27
NM 1,1034,Pentateuco,Antigo,Números,nm,1
NM 2,545,Pentateuco,Antigo,Números,nm,2
NM 3,1017,Pentateuco,Antigo,Números,nm,3
NM 4,1052,Pentateuco,Antigo,Números,nm,4
NM 5,727,Pentateuco,Antigo,Números,nm,5
NM 6,632,Pentateuco,Antigo,Números,nm,6
NM 7,1947,Pentateuco,Antigo,Números,nm,7
NM 8,545,Pentateuco,Antigo,Números,nm,8
NM 9,591,Pentateuco,Antigo,Números,nm,9
NM 10,678,Pentateuco,Antigo,Números,nm,10
NM 11,916,Pentateuco,Antigo,Números,nm,11
NM 12,333,Pentateuco,Antigo,Números,nm,12
NM 13,584,Pentateuco,Antigo,Números,nm,13
NM 14,979,Pentateuco,Antigo,Números,nm,14
NM 15,838,Pentateuco,Antigo,Números,nm,15
NM 16,1145,Pentateuco,Antigo,Números,nm,16
NM 17,261,Pentateuco,Antigo,Números,nm,17
NM 18,894,Pentateuco,Antigo,Números,nm,18
NM 19,595,Pentateuco,Antigo,Números,nm,19
NM 20,644,Pentateuco,Antigo,Números,nm,20
NM 21,761,Pentateuco,Antigo,Números,nm,21
NM 22,1000,Pentateuco,Antigo,Números,nm,22
NM 23,646,Pentateuco,Antigo,Números,nm,23
NM 24,531,Pentateuco,Antigo,Números,nm,24
NM 25,361,Pentateuco,Antigo,Números,nm,25
NM 26,1110,Pentateuco,Antigo,Números,nm,26
NM 27,467,Pentateuco,Antigo,Números,nm,27
NM 28,649,Pentateuco,Antigo,Números,nm,28
NM 29,822,Pentateuco,Antigo,Números,nm,29
NM 30,413,Pentateuco,Antigo,Números,nm,30
NM 31,911,Pentateuco,Antigo,Números,nm,31
NM 32,892,Pentateuco,Antigo,Números,nm,32
NM 33,728,Pentateuco,Antigo,Números,nm,33
NM 34,451,Pentateuco,Antigo,Números,nm,34
NM 35,779,Pentateuco,Antigo,Números,nm,35
NM 36,345,Pentateuco,Antigo,Números,nm,36
DT 1,1042,Pentateuco,Antigo,Deuteronômio,dt,1
DT 2,877,Pentateuco,Antigo,Deuteronômio,dt,2
DT 3,792,Pentateuco,Antigo,Deuteronômio,dt,3
DT 4,1326,Pentateuco,Antigo,Deuteronômio,dt,4
DT 5,800,Pentateuco,Antigo,Deuteronômio,dt,5
DT 6,581,Pentateuco,Antigo,Deuteronômio,dt,6
DT 7,771,Pentateuco,Antigo,Deuteronômio,dt,7
DT 8,512,Pentateuco,Antigo,Deuteronômio,dt,8
DT 9,864,Pentateuco,Antigo,Deuteronômio,dt,9
DT 10,562,Pentateuco,Antigo,Deuteronômio,dt,10
DT 11,844,Pentateuco,Antigo,Deuteronômio,dt,11
DT 12,928,Pentateuco,Antigo,Deuteronômio,dt,12
DT 13,487,Pentateuco,Antigo,Deuteronômio,dt,13
DT 14,583,Pentateuco,Antigo,Deuteronômio,dt,14
DT 15,613,Pentateuco,Antigo,Deuteronômio,dt,15
DT 16,616,Pentateuco,Antigo,Deuteronômio,dt,16
DT 17,550,Pentateuco,Antigo,Deuteronômio,dt,17
DT 18,506,Pentateuco,Antigo,Deuteronômio,dt,18
DT 19,537,Pentateuco,Antigo,Deuteronômio,dt,19
DT 20,494,Pentateuco,Antigo,Deuteronômio,dt,20
DT 21,601,Pentateuco,Antigo,Deuteronômio,dt,21
DT 22,730,Pentateuco,Antigo,Deuteronômio,dt,22
DT 23,545,Pentateuco,Antigo,Deuteronômio,dt,23
DT 24,591,Pentateuco,Antigo,Deuteronômio,dt,24
DT 25,450,Pentateuco,Antigo,Deuteronômio,dt,25
DT 26,574,Pentateuco,Antigo,Deuteronômio,dt,26
DT 27,479,Pentateuco,Antigo,Deuteronômio,dt,27
DT 28,1693,Pentateuco,Antigo,Deuteronômio,dt,28
DT 29,753,Pentateuco,Antigo,Deuteronômio,dt,29
DT 30,614,Pentateuco,Antigo,Deuteronômio,dt,30
DT 31,860,Pentateuco,Antigo,Deuteronômio,dt,31
DT 32,1173,Pentateuco,Antigo,Deuteronômio,dt,32
DT 33,743,Pentateuco,Antigo,Deuteronômio,dt,33
DT 34,301,Pentateuco,Antigo,Deuteronômio,dt,34
JS 1,508,Historia,Antigo,Josué,js,1
JS 2,628,Historia,Antigo,Josué,js,2
JS 3,424,Historia,Antigo,Josué,js,3
JS 4,535,Historia,Antigo,Josué,js,4
JS 5,411,Historia,Antigo,Josué,js,5
JS 6,740,Historia,Antigo,Josué,js,6
JS 7,779,Historia,Antigo,Josué,js,7
JS 8,955,Historia,Antigo,Josué,js,8
JS 9,652,Historia,Antigo,Josué,js,9
JS 10,1113,Historia,Antigo,Josué,js,10
JS 11,574,Historia,Antigo,Josué,js,11
JS 12,407,Historia,Antigo,Josué,js,12
JS 13,738,Historia,Antigo,Josué,js,13
JS 14,409,Historia,Antigo,Josué,js,14
JS 15,817,Historia,Antigo,Josué,js,15
JS 16,217,Historia,Antigo,Josué,js,16
JS 17,542,Historia,Antigo,Josué,js,17
JS 18,609,Historia,Antigo,Josué,js,18
JS 19,753,Historia,Antigo,Josué,js,19
JS 20,230,Historia,Antigo,Josué,js,20
JS 21,752,Historia,Antigo,Josué,js,21
JS 22,1023,Historia,Antigo,Josué,js,22
JS 23,475,Historia,Antigo,Josué,js,23
JS 24,915,Historia,Antigo,Josué,js,24
JZ 1,834,Historia,Antigo,Juízes,jz,1
JZ 2,575,Historia,Antigo,Juízes,jz,2
JZ 3,699,Historia,Antigo,Juízes,jz,3
JZ 4,613,Historia,Antigo,Juízes,jz,4
JZ 5,665,Historia,Antigo,Juízes,jz,5
JZ 6,1071,Historia,Antigo,Juízes,jz,6
JZ 7,780,Historia,Antigo,Juízes,jz,7
JZ 8,842,Historia,Antigo,Juízes,jz,8
JZ 9,1299,Historia,Antigo,Juízes,jz,9
JZ 10,381,Historia,Antigo,Juízes,jz,10
JZ 11,931,Historia,Antigo,Juízes,jz,11
JZ 12,338,Historia,Antigo,Juízes,jz,12
JZ 13,617,Historia,Antigo,Juízes,jz,13
JZ 14,581,Historia,Antigo,Juízes,jz,14
JZ 15,507,Historia,Antigo,Juízes,jz,15
JZ 16,968,Historia,Antigo,Juízes,jz,16
JZ 17,302,Historia,Antigo,Juízes,jz,17
JZ 18,825,Historia,Antigo,Juízes,jz,18
JZ 19,837,Historia,Antigo,Juízes,jz,19
JZ 20,1101,Historia,Antigo,Juízes,jz,20
JZ 21,571,Historia,Antigo,Juízes,jz,21
RT 1,537,Historia,Antigo,Rute,rt,1
RT 2,606,Historia,Antigo,Rute,rt,2
RT 3,444,Historia,Antigo,Rute,rt,3
RT 4,554,Historia,Antigo,Rute,rt,4
1SM 1,661,Historia,Antigo,1 Samuel,1sm,1
1SM 2,1009,Historia,Antigo,1 Samuel,1sm,2
1SM 3,468,Historia,Antigo,1 Samuel,1sm,3
1SM 4,573,Historia,Antigo,1 Samuel,1sm,4
1SM 5,364,Historia,Antigo,1 Samuel,1sm,5
1SM 6,648,Historia,Antigo,1 Samuel,1sm,6
1SM 7,456,Historia,Antigo,1 Samuel,1sm,7
1SM 8,452,Historia,Antigo,1 Samuel,1sm,8
1SM 9,781,Historia,Antigo,1 Samuel,1sm,9
1SM 10,683,Historia,Antigo,1 Samuel,1sm,10
1SM 11,397,Historia,Antigo,1 Samuel,1sm,11
1SM 12,676,Historia,Antigo,1 Samuel,1sm,12
1SM 13,587,Historia,Antigo,1 Samuel,1sm,13
1SM 14,1271,Historia,Antigo,1 Samuel,1sm,14
1SM 15,828,Historia,Antigo,1 Samuel,1sm,15
1SM 16,597,Historia,Antigo,1 Samuel,1sm,16
1SM 17,1420,Historia,Antigo,1 Samuel,1sm,17
1SM 18,708,Historia,Antigo,1 Samuel,1sm,18
1SM 19,628,Historia,Antigo,1 Samuel,1sm,19
1SM 20,1069,Historia,Antigo,1 Samuel,1sm,20
1SM 21,402,Historia,Antigo,1 Samuel,1sm,21
1SM 22,657,Historia,Antigo,1 Samuel,1sm,22
1SM 23,668,Historia,Antigo,1 Samuel,1sm,23
1SM 24,571,Historia,Antigo,1 Samuel,1sm,24
1SM 25,1187,Historia,Antigo,1 Samuel,1sm,25
1SM 26,711,Historia,Antigo,1 Samuel,1sm,26
1SM 27,281,Historia,Antigo,1 Samuel,1sm,27
1SM 28,620,Historia,Antigo,1 Samuel,1sm,28
1SM 29,335,Historia,Antigo,1 Samuel,1sm,29
1SM 30,712,Historia,Antigo,1 Samuel,1sm,30
1SM 31,312,Historia,Antigo,1 Samuel,1sm,31
2SM 1,583,Historia,Antigo,2 Samuel,2sm,1
2SM 2,721,Historia,Antigo,2 Samuel,2sm,2
2SM 3,1015,Historia,Antigo,2 Samuel,2sm,3
2SM 4,389,Historia,Antigo,2 Samuel,2sm,4
2SM 5,563,Historia,Antigo,2 Samuel,2sm,5
2SM 6,594,Historia,Antigo,2 Samuel,2sm,6
2SM 7,746,Historia,Antigo,2 Samuel,2sm,7
2SM 8,413,Historia,Antigo,2 Samuel,2sm,8
2SM 9,337,Historia,Antigo,2 Samuel,2sm,9
2SM 10,516,Historia,Antigo,2 Samuel,2sm,10
2SM 11,661,Historia,Antigo,2 Samuel,2sm,11
2SM 12,798,Historia,Antigo,2 Samuel,2sm,12
2SM 13,971,Historia,Antigo,2 Samuel,2sm,13
2SM 14,916,Historia,Antigo,2 Samuel,2sm,14
2SM 15,908,Historia,Antigo,2 Samuel,2sm,15
2SM 16,601,Historia,Antigo,2 Samuel,2sm,16
2SM 17,768,Historia,Antigo,2 Samuel,2sm,17
2SM 18,971,Historia,Antigo,2 Samuel,2sm,18
2SM 19,1246,Historia,Antigo,2 Samuel,2sm,19
2SM 20,694,Historia,Antigo,2 Samuel,2sm,20
2SM 21,650,Historia,Antigo,2 Samuel,2sm,21
2SM 22,789,Historia,Antigo,2 Samuel,2sm,22
2SM 23,750,Historia,Antigo,2 Samuel,2sm,23
2SM 24,704,Historia,Antigo,2 Samuel,2sm,24
1RS 1,1296,Historia,Antigo,1 Reis,1rs,1
1RS 2,1277,Historia,Antigo,1 Reis,1rs,2
1RS 3,721,Historia,Antigo,1 Reis,1rs,3
1RS 4,643,Historia,Antigo,1 Reis,1rs,4
1RS 5,473,Historia,Antigo,1 Reis,1rs,5
1RS 6,840,Historia,Antigo,1 Reis,1rs,6
1RS 7,1295,Historia,Antigo,1 Reis,1rs,7
1RS 8,1905,Historia,Antigo,1 Reis,1rs,8
1RS 9,694,Historia,Antigo,1 Reis,1rs,9
1RS 10,746,Historia,Antigo,1 Reis,1rs,10
1RS 11,1125,Historia,Antigo,1 Reis,1rs,11
1RS 12,835,Historia,Antigo,1 Reis,1rs,12
1RS 13,907,Historia,Antigo,1 Reis,1rs,13
1RS 14,822,Historia,Antigo,1 Reis,1rs,14
1RS 15,848,Historia,Antigo,1 Reis,1rs,15
1RS 16,904,Historia,Antigo,1 Reis,1rs,16
1RS 17,580,Historia,Antigo,1 Reis,1rs,17
1RS 18,1218,Historia,Antigo,1 Reis,1rs,18
1RS 19,628,Historia,Antigo,1 Reis,1rs,19
1RS 20,1232,Historia,Antigo,1 Reis,1rs,20
1RS 21,731,Historia,Antigo,1 Reis,1rs,21
1RS 22,1290,Historia,Antigo,1 Reis,1rs,22
2RS 1,506,Historia,Antigo,2 Reis,2rs,1
2RS 2,670,Historia,Antigo,2 Reis,2rs,2
2RS 3,723,Historia,Antigo,2 Reis,2rs,3
2RS 4,1135,Historia,Antigo,2 Reis,2rs,4
2RS 5,837,Historia,Antigo,2 Reis,2rs,5
2RS 6,855,Historia,Antigo,2 Reis,2rs,6
2RS 7,665,Historia,Antigo,2 Reis,2rs,7
2RS 8,830,Historia,Antigo,2 Reis,2rs,8
2RS 9,1032,Historia,Antigo,2 Reis,2rs,9
2RS 10,1007,Historia,Antigo,2 Reis,2rs,10
2RS 11,602,Historia,Antigo,2 Reis,2rs,11
2RS 12,553,Historia,Antigo,2 Reis,2rs,12
2RS 13,674,Historia,Antigo,2 Reis,2rs,13
2RS 14,757,Historia,Antigo,2 Reis,2rs,14
2RS 15,916,Historia,Antigo,2 Reis,2rs,15
2RS 16,559,Historia,Antigo,2 Reis,2rs,16
2RS 17,1057,Historia,Antigo,2 Reis,2rs,17
2RS 18,1056,Historia,Antigo,2 Reis,2rs,18
2RS 19,979,Historia,Antigo,2 Reis,2rs,19
2RS 20,531,Historia,Antigo,2 Reis,2rs,20
2RS 21,644,Historia,Antigo,2 Reis,2rs,21
2RS 22,566,Historia,Antigo,2 Reis,2rs,22
2RS 23,1248,Historia,Antigo,2 Reis,2rs,23
2RS 24,503,Historia,Antigo,2 Reis,2rs,24
2RS 25,761,Historia,Antigo,2 Reis,2rs,25
1CR 1,630,Historia,Antigo,1 Crônicas,1cr,1
1CR 2,790,Historia,Antigo,1 Crônicas,1cr,2
1CR 3,368,Historia,Antigo,1 Crônicas,1cr,3
1CR 4,746,Historia,Antigo,1 Crônicas,1cr,4
1CR 5,642,Historia,Antigo,1 Crônicas,1cr,5
1CR 6,1064,Historia,Antigo,1 Crônicas,1cr,6
1CR 7,735,Historia,Antigo,1 Crônicas,1cr,7
1CR 8,417,Historia,Antigo,1 Crônicas,1cr,8
1CR 9,824,Historia,Antigo,1 Crônicas,1cr,9
1CR 10,327,Historia,Antigo,1 Crônicas,1cr,10
1CR 11,841,Historia,Antigo,1 Crônicas,1cr,11
1CR 12,818,Historia,Antigo,1 Crônicas,1cr,12
1CR 13,330,Historia,Antigo,1 Crônicas,1cr,13
1CR 14,318,Historia,Antigo,1 Crônicas,1cr,14
1CR 15,592,Historia,Antigo,1 Crônicas,1cr,15
1CR 16,764,Historia,Antigo,1 Crônicas,1cr,16
1CR 17,679,Historia,Antigo,1 Crônicas,1cr,17
1CR 18,374,Historia,Antigo,1 Crônicas,1cr,18
1CR 19,520,Historia,Antigo,1 Crônicas,1cr,19
1CR 20,233,Historia,Antigo,1 Crônicas,1cr,20
1CR 21,780,Historia,Antigo,1 Crônicas,1cr,21
1CR 22,576,Historia,Antigo,1 Crônicas,1cr,22
1CR 23,633,Historia,Antigo,1 Crônicas,1cr,23
1CR 24,497,Historia,Antigo,1 Crônicas,1cr,24
1CR 25,554,Historia,Antigo,1 Crônicas,1cr,25
1CR 26,688,Historia,Antigo,1 Crônicas,1cr,26
1CR 27,684,Historia,Antigo,1 Crônicas,1cr,27
1CR 28,746,Historia,Antigo,1 Crônicas,1cr,28
1CR 29,853,Historia,Antigo,1 Crônicas,1cr,29
2CR 1,427,Historia,Antigo,2 Crônicas,2cr,1
2CR 2,571,Historia,Antigo,2 Crônicas,2cr,2
2CR 3,356,Historia,Antigo,2 Crônicas,2cr,3
2CR 4,523,Historia,Antigo,2 Crônicas,2cr,4
2CR 5,397,Historia,Antigo,2 Crônicas,2cr,5
2CR 6,1273,Historia,Antigo,2 Crônicas,2cr,6
2CR 7,656,Historia,Antigo,2 Crônicas,2cr,7
2CR 8,437,Historia,Antigo,2 Crônicas,2cr,8
2CR 9,791,Historia,Antigo,2 Crônicas,2cr,9
2CR 10,476,Historia,Antigo,2 Crônicas,2cr,10
2CR 11,435,Historia,Antigo,2 Crônicas,2cr,11
2CR 12,414,Historia,Antigo,2 Crônicas,2cr,12
2CR 13,573,Historia,Antigo,2 Crônicas,2cr,13
2CR 14,425,Historia,Antigo,2 Crônicas,2cr,14
2CR 15,480,Historia,Antigo,2 Crônicas,2cr,15
2CR 16,413,Historia,Antigo,2 Crônicas,2cr,16
2CR 17,364,Historia,Antigo,2 Crônicas,2cr,17
2CR 18,858,Historia,Antigo,2 Crônicas,2cr,18
2CR 19,332,Historia,Antigo,2 Crônicas,2cr,19
2CR 20,1005,Historia,Antigo,2 Crônicas,2cr,20
2CR 21,547,Historia,Antigo,2 Crônicas,2cr,21
2CR 22,390,Historia,Antigo,2 Crônicas,2cr,22
2CR 23,629,Historia,Antigo,2 Crônicas,2cr,23
2CR 24,797,Historia,Antigo,2 Crônicas,2cr,24
2CR 25,815,Historia,Antigo,2 Crônicas,2cr,25
2CR 26,627,Historia,Antigo,2 Crônicas,2cr,26
2CR 27,208,Historia,Antigo,2 Crônicas,2cr,27
2CR 28,736,Historia,Antigo,2 Crônicas,2cr,28
2CR 29,959,Historia,Antigo,2 Crônicas,2cr,29
2CR 30,787,Historia,Antigo,2 Crônicas,2cr,30
2CR 31,671,Historia,Antigo,2 Crônicas,2cr,31
2CR 32,986,Historia,Antigo,2 Crônicas,2cr,32
2CR 33,681,Historia,Antigo,2 Crônicas,2cr,33
2CR 34,1033,Historia,Antigo,2 Crônicas,2cr,34
2CR 35,829,Historia,Antigo,2 Crônicas,2cr,35
2CR 36,694,Historia,Antigo,2 Crônicas,2cr,36
ED 1,327,Historia,Antigo,Esdras,ed,1
ED 2,558,Historia,Antigo,Esdras,ed,2
ED 3,469,Historia,Antigo,Esdras,ed,3
ED 4,652,Historia,Antigo,Esdras,ed,4
ED 5,487,Historia,Antigo,Esdras,ed,5
ED 6,690,Historia,Antigo,Esdras,ed,6
ED 7,726,Historia,Antigo,Esdras,ed,7
ED 8,845,Historia,Antigo,Esdras,ed,8
ED 9,573,Historia,Antigo,Esdras,ed,9
ED 10,804,Historia,Antigo,Esdras,ed,10
NE 1,345,Historia,Antigo,Neemias,ne,1
NE 2,640,Historia,Antigo,Neemias,ne,2
NE 3,903,Historia,Antigo,Neemias,ne,3
NE 4,611,Historia,Antigo,Neemias,ne,4
NE 5,603,Historia,Antigo,Neemias,ne,5
NE 6,518,Historia,Antigo,Neemias,ne,6
NE 7,764,Historia,Antigo,Neemias,ne,7
NE 8,605,Historia,Antigo,Neemias,ne,8
NE 9,1178,Historia,Antigo,Neemias,ne,9
NE 10,589,Historia,Antigo,Neemias,ne,10
NE 11,671,Historia,Antigo,Neemias,ne,11
NE 12,917,Historia,Antigo,Neemias,ne,12
NE 13,943,Historia,Antigo,Neemias,ne,13
ET 1,633,Historia,Antigo,Ester,et,1
ET 2,692,Historia,Antigo,Ester,et,2
ET 3,494,Historia,Antigo,Ester,et,3
ET 4,465,Historia,Antigo,Ester,et,4
ET 5,393,Historia,Antigo,Ester,et,5
ET 6,433,Historia,Antigo,Ester,et,6
ET 7,316,Historia,Antigo,Ester,et,7
ET 8,573,Historia,Antigo,Ester,et,8
ET 9,859,Historia,Antigo,Ester,et,9
ET 10,93,Historia,Antigo,Ester,et,10
JÓ 1,547,Poesia,Antigo,Jó,jó,1
JÓ 2,316,Poesia,Antigo,Jó,jó,2
JÓ 3,385,Poesia,Antigo,Jó,jó,3
JÓ 4,312,Poesia,Antigo,Jó,jó,4
JÓ 5,405,Poesia,Antigo,Jó,jó,5
JÓ 6,457,Poesia,Antigo,Jó,jó,6
JÓ 7,362,Poesia,Antigo,Jó,jó,7
JÓ 8,331,Poesia,Antigo,Jó,jó,8
JÓ 9,510,Poesia,Antigo,Jó,jó,9
JÓ 10,364,Poesia,Antigo,Jó,jó,10
JÓ 11,297,Poesia,Antigo,Jó,jó,11
JÓ 12,361,Poesia,Antigo,Jó,jó,12
JÓ 13,367,Poesia,Antigo,Jó,jó,13
JÓ 14,367,Poesia,Antigo,Jó,jó,14
JÓ 15,503,Poesia,Antigo,Jó,jó,15
JÓ 16,343,Poesia,Antigo,Jó,jó,16
JÓ 17,246,Poesia,Antigo,Jó,jó,17
JÓ 18,301,Poesia,Antigo,Jó,jó,18
JÓ 19,407,Poesia,Antigo,Jó,jó,19
JÓ 20,445,Poesia,Antigo,Jó,jó,20
JÓ 21,506,Poesia,Antigo,Jó,jó,21
JÓ 22,437,Poesia,Antigo,Jó,jó,22
JÓ 23,248,Poesia,Antigo,Jó,jó,23
JÓ 24,424,Poesia,Antigo,Jó,jó,24
JÓ 25,89,Poesia,Antigo,Jó,jó,25
JÓ 26,201,Poesia,Antigo,Jó,jó,26
JÓ 27,326,Poesia,Antigo,Jó,jó,27
JÓ 28,419,Poesia,Antigo,Jó,jó,28
JÓ 29,385,Poesia,Antigo,Jó,jó,29
JÓ 30,473,Poesia,Antigo,Jó,jó,30
JÓ 31,636,Poesia,Antigo,Jó,jó,31
JÓ 32,354,Poesia,Antigo,Jó,jó,32
JÓ 33,507,Poesia,Antigo,Jó,jó,33
JÓ 34,567,Poesia,Antigo,Jó,jó,34
JÓ 35,249,Poesia,Antigo,Jó,jó,35
JÓ 36,488,Poesia,Antigo,Jó,jó,36
JÓ 37,368,Poesia,Antigo,Jó,jó,37
JÓ 38,612,Poesia,Antigo,Jó,jó,38
JÓ 39,474,Poesia,Antigo,Jó,jó,39
JÓ 40,332,Poesia,Antigo,Jó,jó,40
JÓ 41,478,Poesia,Antigo,Jó,jó,41
JÓ 42,404,Poesia,Antigo,Jó,jó,42
SL 1,109,Poesia,Antigo,Salmos,sl,1
SL 2,185,Poesia,Antigo,Salmos,sl,2
SL 3,117,Poesia,Antigo,Salmos,sl,3
SL 4,136,Poesia,Antigo,Salmos,sl,4
SL 5,213,Poesia,Antigo,Salmos,sl,5
SL 6,139,Poesia,Antigo,Salmos,sl,6
SL 7,265,Poesia,Antigo,Salmos,sl,7
SL 8,160,Poesia,Antigo,Salmos,sl,8
SL 9,305,Poesia,Antigo,Salmos,sl,9
SL 10,312,Poesia,Antigo,Salmos,sl,10
SL 11,125,Poesia,Antigo,Salmos,sl,11
SL 12,128,Poesia,Antigo,Salmos,sl,12
SL 13,93,Poesia,Antigo,Salmos,sl,13
SL 14,131,Poesia,Antigo,Salmos,sl,14
SL 15,95,Poesia,Antigo,Salmos,sl,15
SL 16,180,Poesia,Antigo,Salmos,sl,16
SL 17,281,Poesia,Antigo,Salmos,sl,17
SL 18,776,Poesia,Antigo,Salmos,sl,18
SL 19,263,Poesia,Antigo,Salmos,sl,19
SL 20,143,Poesia,Antigo,Salmos,sl,20
SL 21,201,Poesia,Antigo,Salmos,sl,21
SL 22,502,Poesia,Antigo,Salmos,sl,22
SL 23,114,Poesia,Antigo,Salmos,sl,23
SL 24,161,Poesia,Antigo,Salmos,sl,24
SL 25,331,Poesia,Antigo,Salmos,sl,25
SL 26,147,Poesia,Antigo,Salmos,sl,26
SL 27,279,Poesia,Antigo,Salmos,sl,27
SL 28,191,Poesia,Antigo,Salmos,sl,28
SL 29,163,Poesia,Antigo,Salmos,sl,29
SL 30,191,Poesia,Antigo,Salmos,sl,30
SL 31,428,Poesia,Antigo,Salmos,sl,31
SL 32,216,Poesia,Antigo,Salmos,sl,32
SL 33,313,Poesia,Antigo,Salmos,sl,33
SL 34,313,Poesia,Antigo,Salmos,sl,34
SL 35,493,Poesia,Antigo,Salmos,sl,35
SL 36,209,Poesia,Antigo,Salmos,sl,36
SL 37,605,Poesia,Antigo,Salmos,sl,37
SL 38,309,Poesia,Antigo,Salmos,sl,38
SL 39,256,Poesia,Antigo,Salmos,sl,39
SL 40,361,Poesia,Antigo,Salmos,sl,40
SL 41,207,Poesia,Antigo,Salmos,sl,41
SL 42,282,Poesia,Antigo,Salmos,sl,42
SL 43,126,Poesia,Antigo,Salmos,sl,43
SL 44,421,Poesia,Antigo,Salmos,sl,44
SL 45,308,Poesia,Antigo,Salmos,sl,45
SL 46,175,Poesia,Antigo,Salmos,sl,46
SL 47,136,Poesia,Antigo,Salmos,sl,47
SL 48,207,Poesia,Antigo,Salmos,sl,48
SL 49,307,Poesia,Antigo,Salmos,sl,49
SL 50,363,Poesia,Antigo,Salmos,sl,50
SL 51,305,Poesia,Antigo,Salmos,sl,51
SL 52,143,Poesia,Antigo,Salmos,sl,52
SL 53,133,Poesia,Antigo,Salmos,sl,53
SL 54,97,Poesia,Antigo,Salmos,sl,54
SL 55,368,Poesia,Antigo,Salmos,sl,55
SL 56,202,Poesia,Antigo,Salmos,sl,56
SL 57,193,Poesia,Antigo,Salmos,sl,57
SL 58,178,Poesia,Antigo,Salmos,sl,58
SL 59,312,Poesia,Antigo,Salmos,sl,59
SL 60,179,Poesia,Antigo,Salmos,sl,60
SL 61,130,Poesia,Antigo,Salmos,sl,61
SL 62,222,Poesia,Antigo,Salmos,sl,62
SL 63,178,Poesia,Antigo,Salmos,sl,63
SL 64,152,Poesia,Antigo,Salmos,sl,64
SL 65,224,Poesia,Antigo,Salmos,sl,65
SL 66,307,Poesia,Antigo,Salmos,sl,66
SL 67,102,Poesia,Antigo,Salmos,sl,67
SL 68,601,Poesia,Antigo,Salmos,sl,68
SL 69,598,Poesia,Antigo,Salmos,sl,69
SL 70,86,Poesia,Antigo,Salmos,sl,70
SL 71,423,Poesia,Antigo,Salmos,sl,71
SL 72,345,Poesia,Antigo,Salmos,sl,72
SL 73,378,Poesia,Antigo,Salmos,sl,73
SL 74,369,Poesia,Antigo,Salmos,sl,74
SL 75,150,Poesia,Antigo,Salmos,sl,75
SL 76,181,Poesia,Antigo,Salmos,sl,76
SL 77,295,Poesia,Antigo,Salmos,sl,77
SL 78,1086,Poesia,Antigo,Salmos,sl,78
SL 79,242,Poesia,Antigo,Salmos,sl,79
SL 80,303,Poesia,Antigo,Salmos,sl,80
SL 81,251,Poesia,Antigo,Salmos,sl,81
SL 82,105,Poesia,Antigo,Salmos,sl,82
SL 83,254,Poesia,Antigo,Salmos,sl,83
SL 84,227,Poesia,Antigo,Salmos,sl,84
SL 85,187,Poesia,Antigo,Salmos,sl,85
SL 86,282,Poesia,Antigo,Salmos,sl,86
SL 87,97,Poesia,Antigo,Salmos,sl,87
SL 88,286,Poesia,Antigo,Salmos,sl,88
SL 89,777,Poesia,Antigo,Salmos,sl,89
SL 90,280,Poesia,Antigo,Salmos,sl,90
SL 91,236,Poesia,Antigo,Salmos,sl,91
SL 92,203,Poesia,Antigo,Salmos,sl,92
SL 93,93,Poesia,Antigo,Salmos,sl,93
SL 94,314,Poesia,Antigo,Salmos,sl,94
SL 95,174,Poesia,Antigo,Salmos,sl,95
SL 96,212,Poesia,Antigo,Salmos,sl,96
SL 97,180,Poesia,Antigo,Salmos,sl,97
SL 98,159,Poesia,Antigo,Salmos,sl,98
SL 99,161,Poesia,Antigo,Salmos,sl,99
SL 100,85,Poesia,Antigo,Salmos,sl,100
SL 101,124,Poesia,Antigo,Salmos,sl,101
SL 102,415,Poesia,Antigo,Salmos,sl,102
SL 103,334,Poesia,Antigo,Salmos,sl,103
SL 104,545,Poesia,Antigo,Salmos,sl,104
SL 105,609,Poesia,Antigo,Salmos,sl,105
SL 106,698,Poesia,Antigo,Salmos,sl,106
SL 107,573,Poesia,Antigo,Salmos,sl,107
SL 108,189,Poesia,Antigo,Salmos,sl,108
SL 109,457,Poesia,Antigo,Salmos,sl,109
SL 110,123,Poesia,Antigo,Salmos,sl,110
SL 111,149,Poesia,Antigo,Salmos,sl,111
SL 112,146,Poesia,Antigo,Salmos,sl,112
SL 113,116,Poesia,Antigo,Salmos,sl,113
SL 114,96,Poesia,Antigo,Salmos,sl,114
SL 115,242,Poesia,Antigo,Salmos,sl,115
SL 116,244,Poesia,Antigo,Salmos,sl,116
SL 117,29,Poesia,Antigo,Salmos,sl,117
SL 118,391,Poesia,Antigo,Salmos,sl,118
SL 119,2342,Poesia,Antigo,Salmos,sl,119
SL 120,88,Poesia,Antigo,Salmos,sl,120
SL 121,106,Poesia,Antigo,Salmos,sl,121
SL 122,108,Poesia,Antigo,Salmos,sl,122
SL 123,83,Poesia,Antigo,Salmos,sl,123
SL 124,98,Poesia,Antigo,Salmos,sl,124
SL 125,90,Poesia,Antigo,Salmos,sl,125
SL 126,95,Poesia,Antigo,Salmos,sl,126
SL 127,91,Poesia,Antigo,Salmos,sl,127
SL 128,86,Poesia,Antigo,Salmos,sl,128
SL 129,99,Poesia,Antigo,Salmos,sl,129
SL 130,98,Poesia,Antigo,Salmos,sl,130
SL 131,62,Poesia,Antigo,Salmos,sl,131
SL 132,269,Poesia,Antigo,Salmos,sl,132
SL 133,56,Poesia,Antigo,Salmos,sl,133
SL 134,42,Poesia,Antigo,Salmos,sl,134
SL 135,299,Poesia,Antigo,Salmos,sl,135
SL 136,324,Poesia,Antigo,Salmos,sl,136
SL 137,145,Poesia,Antigo,Salmos,sl,137
SL 138,150,Poesia,Antigo,Salmos,sl,138
SL 139,380,Poesia,Antigo,Salmos,sl,139
SL 140,199,Poesia,Antigo,Salmos,sl,140
SL 141,185,Poesia,Antigo,Salmos,sl,141
SL 142,141,Poesia,Antigo,Salmos,sl,142
SL 143,225,Poesia,Antigo,Salmos,sl,143
SL 144,283,Poesia,Antigo,Salmos,sl,144
SL 145,323,Poesia,Antigo,Salmos,sl,145
SL 146,158,Poesia,Antigo,Salmos,sl,146
SL 147,292,Poesia,Antigo,Salmos,sl,147
SL 148,196,Poesia,Antigo,Salmos,sl,148
SL 149,123,Poesia,Antigo,Salmos,sl,149
SL 150,75,Poesia,Antigo,Salmos,sl,150
PV 1,507,Sabedoria,Antigo,Provérbios,pv,1
PV 2,311,Sabedoria,Antigo,Provérbios,pv,2
PV 3,510,Sabedoria,Antigo,Provérbios,pv,3
PV 4,401,Sabedoria,Antigo,Provérbios,pv,4
PV 5,330,Sabedoria,Antigo,Provérbios,pv,5
PV 6,505,Sabedoria,Antigo,Provérbios,pv,6
PV 7,376,Sabedoria,Antigo,Provérbios,pv,7
PV 8,522,Sabedoria,Antigo,Provérbios,pv,8
PV 9,247,Sabedoria,Antigo,Provérbios,pv,9
PV 10,494,Sabedoria,Antigo,Provérbios,pv,10
PV 11,469,Sabedoria,Antigo,Provérbios,pv,11
PV 12,429,Sabedoria,Antigo,Provérbios,pv,12
PV 13,387,Sabedoria,Antigo,Provérbios,pv,13
PV 14,531,Sabedoria,Antigo,Provérbios,pv,14
PV 15,487,Sabedoria,Antigo,Provérbios,pv,15
PV 16,498,Sabedoria,Antigo,Provérbios,pv,16
PV 17,457,Sabedoria,Antigo,Provérbios,pv,17
PV 18,357,Sabedoria,Antigo,Provérbios,pv,18
PV 19,449,Sabedoria,Antigo,Provérbios,pv,19
PV 20,481,Sabedoria,Antigo,Provérbios,pv,20
PV 21,449,Sabedoria,Antigo,Provérbios,pv,21
PV 22,454,Sabedoria,Antigo,Provérbios,pv,22
PV 23,526,Sabedoria,Antigo,Provérbios,pv,23
PV 24,525,Sabedoria,Antigo,Provérbios,pv,24
PV 25,475,Sabedoria,Antigo,Provérbios,pv,25
PV 26,443,Sabedoria,Antigo,Provérbios,pv,26
PV 27,455,Sabedoria,Antigo,Provérbios,pv,27
PV 28,471,Sabedoria,Antigo,Provérbios,pv,28
PV 29,397,Sabedoria,Antigo,Provérbios,pv,29
PV 30,568,Sabedoria,Antigo,Provérbios,pv,30
PV 31,429,Sabedoria,Antigo,Provérbios,pv,31
EC 1,338,Sabedoria,Antigo,Eclesiastes,ec,1
EC 2,648,Sabedoria,Antigo,Eclesiastes,ec,2
EC 3,423,Sabedoria,Antigo,Eclesiastes,ec,3
EC 4,361,Sabedoria,Antigo,Eclesiastes,ec,4
EC 5,489,Sabedoria,Antigo,Eclesiastes,ec,5
EC 6,290,Sabedoria,Antigo,Eclesiastes,ec,6
EC 7,591,Sabedoria,Antigo,Eclesiastes,ec,7
EC 8,481,Sabedoria,Antigo,Eclesiastes,ec,8
EC 9,529,Sabedoria,Antigo,Eclesiastes,ec,9
EC 10,366,Sabedoria,Antigo,Eclesiastes,ec,10
EC 11,253,Sabedoria,Antigo,Eclesiastes,ec,11
EC 12,341,Sabedoria,Antigo,Eclesiastes,ec,12
CT 1,352,Sabedoria,Antigo,Cânticos,ct,1
CT 2,329,Sabedoria,Antigo,Cânticos,ct,2
CT 3,269,Sabedoria,Antigo,Cânticos,ct,3
CT 4,376,Sabedoria,Antigo,Cânticos,ct,4
CT 5,392,Sabedoria,Antigo,Cânticos,ct,5
CT 6,278,Sabedoria,Antigo,Cânticos,ct,6
CT 7,277,Sabedoria,Antigo,Cânticos,ct,7
CT 8,363,Sabedoria,Antigo,Cânticos,ct,8
IS 1,670,ProfetasMaiores,Antigo,Isaías,is,1
IS 2,472,ProfetasMaiores,Antigo,Isaías,is,2
IS 3,495,ProfetasMaiores,Antigo,Isaías,is,3
IS 4,156,ProfetasMaiores,Antigo,Isaías,is,4
IS 5,757,ProfetasMaiores,Antigo,Isaías,is,5
IS 6,333,ProfetasMaiores,Antigo,Isaías,is,6
IS 7,577,ProfetasMaiores,Antigo,Isaías,is,7
IS 8,475,ProfetasMaiores,Antigo,Isaías,is,8
IS 9,520,ProfetasMaiores,Antigo,Isaías,is,9
IS 10,767,ProfetasMaiores,Antigo,Isaías,is,10
IS 11,404,ProfetasMaiores,Antigo,Isaías,is,11
IS 12,126,ProfetasMaiores,Antigo,Isaías,is,12
IS 13,487,ProfetasMaiores,Antigo,Isaías,is,13
IS 14,724,ProfetasMaiores,Antigo,Isaías,is,14
IS 15,220,ProfetasMaiores,Antigo,Isaías,is,15
IS 16,357,ProfetasMaiores,Antigo,Isaías,is,16
IS 17,334,ProfetasMaiores,Antigo,Isaías,is,17
IS 18,232,ProfetasMaiores,Antigo,Isaías,is,18
IS 19,603,ProfetasMaiores,Antigo,Isaías,is,19
IS 20,160,ProfetasMaiores,Antigo,Isaías,is,20
IS 21,363,ProfetasMaiores,Antigo,Isaías,is,21
IS 22,567,ProfetasMaiores,Antigo,Isaías,is,22
IS 23,409,ProfetasMaiores,Antigo,Isaías,is,23
IS 24,451,ProfetasMaiores,Antigo,Isaías,is,24
IS 25,296,ProfetasMaiores,Antigo,Isaías,is,25
IS 26,451,ProfetasMaiores,Antigo,Isaías,is,26
IS 27,318,ProfetasMaiores,Antigo,Isaías,is,27
IS 28,745,ProfetasMaiores,Antigo,Isaías,is,28
IS 29,623,ProfetasMaiores,Antigo,Isaías,is,29
IS 30,840,ProfetasMaiores,Antigo,Isaías,is,30
IS 31,287,ProfetasMaiores,Antigo,Isaías,is,31
IS 32,397,ProfetasMaiores,Antigo,Isaías,is,32
IS 33,530,ProfetasMaiores,Antigo,Isaías,is,33
IS 34,435,ProfetasMaiores,Antigo,Isaías,is,34
IS 35,231,ProfetasMaiores,Antigo,Isaías,is,35
IS 36,594,ProfetasMaiores,Antigo,Isaías,is,36
IS 37,975,ProfetasMaiores,Antigo,Isaías,is,37
IS 38,489,ProfetasMaiores,Antigo,Isaías,is,38
IS 39,222,ProfetasMaiores,Antigo,Isaías,is,39
IS 40,726,ProfetasMaiores,Antigo,Isaías,is,40
IS 41,691,ProfetasMaiores,Antigo,Isaías,is,41
IS 42,578,ProfetasMaiores,Antigo,Isaías,is,42
IS 43,657,ProfetasMaiores,Antigo,Isaías,is,43
IS 44,813,ProfetasMaiores,Antigo,Isaías,is,44
IS 45,722,ProfetasMaiores,Antigo,Isaías,is,45
IS 46,325,ProfetasMaiores,Antigo,Isaías,is,46
IS 47,426,ProfetasMaiores,Antigo,Isaías,is,47
IS 48,565,ProfetasMaiores,Antigo,Isaías,is,48
IS 49,753,ProfetasMaiores,Antigo,Isaías,is,49
IS 50,336,ProfetasMaiores,Antigo,Isaías,is,50
IS 51,673,ProfetasMaiores,Antigo,Isaías,is,51
IS 52,362,ProfetasMaiores,Antigo,Isaías,is,52
IS 53,376,ProfetasMaiores,Antigo,Isaías,is,53
IS 54,466,ProfetasMaiores,Antigo,Isaías,is,54
IS 55,372,ProfetasMaiores,Antigo,Isaías,is,55
IS 56,317,ProfetasMaiores,Antigo,Isaías,is,56
IS 57,530,ProfetasMaiores,Antigo,Isaías,is,57
IS 58,467,ProfetasMaiores,Antigo,Isaías,is,58
IS 59,537,ProfetasMaiores,Antigo,Isaías,is,59
IS 60,592,ProfetasMaiores,Antigo,Isaías,is,60
IS 61,344,ProfetasMaiores,Antigo,Isaías,is,61
IS 62,309,ProfetasMaiores,Antigo,Isaías,is,62
IS 63,524,ProfetasMaiores,Antigo,Isaías,is,63
IS 64,279,ProfetasMaiores,Antigo,Isaías,is,64
IS 65,672,ProfetasMaiores,Antigo,Isaías,is,65
IS 66,770,ProfetasMaiores,Antigo,Isaías,is,66
JR 1,435,ProfetasMaiores,Antigo,Jeremias,jr,1
JR 2,956,ProfetasMaiores,Antigo,Jeremias,jr,2
JR 3,727,ProfetasMaiores,Antigo,Jeremias,jr,3
JR 4,796,ProfetasMaiores,Antigo,Jeremias,jr,4
JR 5,763,ProfetasMaiores,Antigo,Jeremias,jr,5
JR 6,737,ProfetasMaiores,Antigo,Jeremias,jr,6
JR 7,874,ProfetasMaiores,Antigo,Jeremias,jr,7
JR 8,622,ProfetasMaiores,Antigo,Jeremias,jr,8
JR 9,650,ProfetasMaiores,Antigo,Jeremias,jr,9
JR 10,602,ProfetasMaiores,Antigo,Jeremias,jr,10
JR 11,632,ProfetasMaiores,Antigo,Jeremias,jr,11
JR 12,472,ProfetasMaiores,Antigo,Jeremias,jr,12
JR 13,688,ProfetasMaiores,Antigo,Jeremias,jr,13
JR 14,612,ProfetasMaiores,Antigo,Jeremias,jr,14
JR 15,607,ProfetasMaiores,Antigo,Jeremias,jr,15
JR 16,591,ProfetasMaiores,Antigo,Jeremias,jr,16
JR 17,773,ProfetasMaiores,Antigo,Jeremias,jr,17
JR 18,577,ProfetasMaiores,Antigo,Jeremias,jr,18
JR 19,458,ProfetasMaiores,Antigo,Jeremias,jr,19
JR 20,509,ProfetasMaiores,Antigo,Jeremias,jr,20
JR 21,398,ProfetasMaiores,Antigo,Jeremias,jr,21
JR 22,762,ProfetasMaiores,Antigo,Jeremias,jr,22
JR 23,1070,ProfetasMaiores,Antigo,Jeremias,jr,23
JR 24,292,ProfetasMaiores,Antigo,Jeremias,jr,24
JR 25,952,ProfetasMaiores,Antigo,Jeremias,jr,25
JR 26,682,ProfetasMaiores,Antigo,Jeremias,jr,26
JR 27,650,ProfetasMaiores,Antigo,Jeremias,jr,27
JR 28,436,ProfetasMaiores,Antigo,Jeremias,jr,28
JR 29,873,ProfetasMaiores,Antigo,Jeremias,jr,29
JR 30,589,ProfetasMaiores,Antigo,Jeremias,jr,30
JR 31,1078,ProfetasMaiores,Antigo,Jeremias,jr,31
JR 32,1211,ProfetasMaiores,Antigo,Jeremias,jr,32
JR 33,728,ProfetasMaiores,Antigo,Jeremias,jr,33
JR 34,669,ProfetasMaiores,Antigo,Jeremias,jr,34
JR 35,541,ProfetasMaiores,Antigo,Jeremias,jr,35
JR 36,893,ProfetasMaiores,Antigo,Jeremias,jr,36
JR 37,512,ProfetasMaiores,Antigo,Jeremias,jr,37
JR 38,787,ProfetasMaiores,Antigo,Jeremias,jr,38
JR 39,472,ProfetasMaiores,Antigo,Jeremias,jr,39
JR 40,593,ProfetasMaiores,Antigo,Jeremias,jr,40
JR 41,526,ProfetasMaiores,Antigo,Jeremias,jr,41
JR 42,593,ProfetasMaiores,Antigo,Jeremias,jr,42
JR 43,353,ProfetasMaiores,Antigo,Jeremias,jr,43
JR 44,1003,ProfetasMaiores,Antigo,Jeremias,jr,44
JR 45,120,ProfetasMaiores,Antigo,Jeremias,jr,45
JR 46,721,ProfetasMaiores,Antigo,Jeremias,jr,46
JR 47,188,ProfetasMaiores,Antigo,Jeremias,jr,47
JR 48,995,ProfetasMaiores,Antigo,Jeremias,jr,48
JR 49,1030,ProfetasMaiores,Antigo,Jeremias,jr,49
JR 50,1249,ProfetasMaiores,Antigo,Jeremias,jr,50
JR 51,1559,ProfetasMaiores,Antigo,Jeremias,jr,51
JR 52,886,ProfetasMaiores,Antigo,Jeremias,jr,52
LM 1,698,ProfetasMaiores,Antigo,Lamentações de Jeremias,lm,1
LM 2,781,ProfetasMaiores,Antigo,Lamentações de Jeremias,lm,2
LM 3,817,ProfetasMaiores,Antigo,Lamentações de Jeremias,lm,3
LM 4,542,ProfetasMaiores,Antigo,Lamentações de Jeremias,lm,4
LM 5,294,ProfetasMaiores,Antigo,Lamentações de Jeremias,lm,5
EZ 1,672,ProfetasMaiores,Antigo,Ezequiel,ez,1
EZ 2,221,ProfetasMaiores,Antigo,Ezequiel,ez,2
EZ 3,670,ProfetasMaiores,Antigo,Ezequiel,ez,3
EZ 4,433,ProfetasMaiores,Antigo,Ezequiel,ez,4
EZ 5,515,ProfetasMaiores,Antigo,Ezequiel,ez,5
EZ 6,403,ProfetasMaiores,Antigo,Ezequiel,ez,6
EZ 7,677,ProfetasMaiores,Antigo,Ezequiel,ez,7
EZ 8,535,ProfetasMaiores,Antigo,Ezequiel,ez,8
EZ 9,335,ProfetasMaiores,Antigo,Ezequiel,ez,9
EZ 10,539,ProfetasMaiores,Antigo,Ezequiel,ez,10
EZ 11,609,ProfetasMaiores,Antigo,Ezequiel,ez,11
EZ 12,686,ProfetasMaiores,Antigo,Ezequiel,ez,12
EZ 13,628,ProfetasMaiores,Antigo,Ezequiel,ez,13
EZ 14,642,ProfetasMaiores,Antigo,Ezequiel,ez,14
EZ 15,169,ProfetasMaiores,Antigo,Ezequiel,ez,15
EZ 16,1685,ProfetasMaiores,Antigo,Ezequiel,ez,16
EZ 17,676,ProfetasMaiores,Antigo,Ezequiel,ez,17
EZ 18,829,ProfetasMaiores,Antigo,Ezequiel,ez,18
EZ 19,329,ProfetasMaiores,Antigo,Ezequiel,ez,19
EZ 20,1435,ProfetasMaiores,Antigo,Ezequiel,ez,20
EZ 21,801,ProfetasMaiores,Antigo,Ezequiel,ez,21
EZ 22,749,ProfetasMaiores,Antigo,Ezequiel,ez,22
EZ 23,1163,ProfetasMaiores,Antigo,Ezequiel,ez,23
EZ 24,666,ProfetasMaiores,Antigo,Ezequiel,ez,24
EZ 25,418,ProfetasMaiores,Antigo,Ezequiel,ez,25
EZ 26,596,ProfetasMaiores,Antigo,Ezequiel,ez,26
EZ 27,791,ProfetasMaiores,Antigo,Ezequiel,ez,27
EZ 28,673,ProfetasMaiores,Antigo,Ezequiel,ez,28
EZ 29,586,ProfetasMaiores,Antigo,Ezequiel,ez,29
EZ 30,614,ProfetasMaiores,Antigo,Ezequiel,ez,30
EZ 31,577,ProfetasMaiores,Antigo,Ezequiel,ez,31
EZ 32,937,ProfetasMaiores,Antigo,Ezequiel,ez,32
EZ 33,962,ProfetasMaiores,Antigo,Ezequiel,ez,33
EZ 34,787,ProfetasMaiores,Antigo,Ezequiel,ez,34
EZ 35,346,ProfetasMaiores,Antigo,Ezequiel,ez,35
EZ 36,1044,ProfetasMaiores,Antigo,Ezequiel,ez,36
EZ 37,725,ProfetasMaiores,Antigo,Ezequiel,ez,37
EZ 38,644,ProfetasMaiores,Antigo,Ezequiel,ez,38
EZ 39,793,ProfetasMaiores,Antigo,Ezequiel,ez,39
EZ 40,1427,ProfetasMaiores,Antigo,Ezequiel,ez,40
EZ 41,775,ProfetasMaiores,Antigo,Ezequiel,ez,41
EZ 42,543,ProfetasMaiores,Antigo,Ezequiel,ez,42
EZ 43,769,ProfetasMaiores,Antigo,Ezequiel,ez,43
EZ 44,856,ProfetasMaiores,Antigo,Ezequiel,ez,44
EZ 45,770,ProfetasMaiores,Antigo,Ezequiel,ez,45
EZ 46,744,ProfetasMaiores,Antigo,Ezequiel,ez,46
EZ 47,647,ProfetasMaiores,Antigo,Ezequiel,ez,47
EZ 48,957,ProfetasMaiores,Antigo,Ezequiel,ez,48
DN 1,541,ProfetasMaiores,Antigo,Daniel,dn,1
DN 2,1336,ProfetasMaiores,Antigo,Daniel,dn,2
DN 3,888,ProfetasMaiores,Antigo,Daniel,dn,3
DN 4,1148,ProfetasMaiores,Antigo,Daniel,dn,4
DN 5,892,ProfetasMaiores,Antigo,Daniel,dn,5
DN 6,783,ProfetasMaiores,Antigo,Daniel,dn,6
DN 7,817,ProfetasMaiores,Antigo,Daniel,dn,7
DN 8,724,ProfetasMaiores,Antigo,Daniel,dn,8
DN 9,835,ProfetasMaiores,Antigo,Daniel,dn,9
DN 10,520,ProfetasMaiores,Antigo,Daniel,dn,10
DN 11,1268,ProfetasMaiores,Antigo,Daniel,dn,11
DN 12,347,ProfetasMaiores,Antigo,Daniel,dn,12
OS 1,302,ProfetasMenores,Antigo,Oséias,os,1
OS 2,551,ProfetasMenores,Antigo,Oséias,os,2
OS 3,144,ProfetasMenores,Antigo,Oséias,os,3
OS 4,428,ProfetasMenores,Antigo,Oséias,os,4
OS 5,322,ProfetasMenores,Antigo,Oséias,os,5
OS 6,223,ProfetasMenores,Antigo,Oséias,os,6
OS 7,366,ProfetasMenores,Antigo,Oséias,os,7
OS 8,279,ProfetasMenores,Antigo,Oséias,os,8
OS 9,413,ProfetasMenores,Antigo,Oséias,os,9
OS 10,402,ProfetasMenores,Antigo,Oséias,os,10
OS 11,271,ProfetasMenores,Antigo,Oséias,os,11
OS 12,294,ProfetasMenores,Antigo,Oséias,os,12
OS 13,383,ProfetasMenores,Antigo,Oséias,os,13
OS 14,215,ProfetasMenores,Antigo,Oséias,os,14
JL 1,462,ProfetasMenores,Antigo,Joel,jl,1
JL 2,822,ProfetasMenores,Antigo,Joel,jl,2
JL 3,475,ProfetasMenores,Antigo,Joel,jl,3
AM 1,371,ProfetasMenores,Antigo,Amós,am,1
AM 2,368,ProfetasMenores,Antigo,Amós,am,2
AM 3,325,ProfetasMenores,Antigo,Amós,am,3
AM 4,407,ProfetasMenores,Antigo,Amós,am,4
AM 5,590,ProfetasMenores,Antigo,Amós,am,5
AM 6,350,ProfetasMenores,Antigo,Amós,am,6
AM 7,398,ProfetasMenores,Antigo,Amós,am,7
AM 8,350,ProfetasMenores,Antigo,Amós,am,8
AM 9,445,ProfetasMenores,Antigo,Amós,am,9
OB 1,549,ProfetasMenores,Antigo,Obadias,ob,1
JN 1,438,ProfetasMenores,Antigo,Jonas,jn,1
JN 2,190,ProfetasMenores,Antigo,Jonas,jn,2
JN 3,215,ProfetasMenores,Antigo,Jonas,jn,3
JN 4,291,ProfetasMenores,Antigo,Jonas,jn,4
MQ 1,420,ProfetasMenores,Antigo,Miquéias,mq,1
MQ 2,321,ProfetasMenores,Antigo,Miquéias,mq,2
MQ 3,305,ProfetasMenores,Antigo,Miquéias,mq,3
MQ 4,391,ProfetasMenores,Antigo,Miquéias,mq,4
MQ 5,357,ProfetasMenores,Antigo,Miquéias,mq,5
MQ 6,379,ProfetasMenores,Antigo,Miquéias,mq,6
MQ 7,517,ProfetasMenores,Antigo,Miquéias,mq,7
NA 1,365,ProfetasMenores,Antigo,Naum,na,1
NA 2,308,ProfetasMenores,Antigo,Naum,na,2
NA 3,447,ProfetasMenores,Antigo,Naum,na,3
HC 1,386,ProfetasMenores,Antigo,Habacuque,hc,1
HC 2,477,ProfetasMenores,Antigo,Habacuque,hc,2
HC 3,416,ProfetasMenores,Antigo,Habacuque,hc,3
SF 1,441,ProfetasMenores,Antigo,Sofonias,sf,1
SF 2,402,ProfetasMenores,Antigo,Sofonias,sf,2
SF 3,503,ProfetasMenores,Antigo,Sofonias,sf,3
AG 1,409,ProfetasMenores,Antigo,Ageu,ag,1
AG 2,561,ProfetasMenores,Antigo,Ageu,ag,2
ZC 1,522,ProfetasMenores,Antigo,Zacarias,zc,1
ZC 2,269,ProfetasMenores,Antigo,Zacarias,zc,2
ZC 3,249,ProfetasMenores,Antigo,Zacarias,zc,3
ZC 4,270,ProfetasMenores,Antigo,Zacarias,zc,4
ZC 5,259,ProfetasMenores,Antigo,Zacarias,zc,5
ZC 6,320,ProfetasMenores,Antigo,Zacarias,zc,6
ZC 7,305,ProfetasMenores,Antigo,Zacarias,zc,7
ZC 8,559,ProfetasMenores,Antigo,Zacarias,zc,8
ZC 9,435,ProfetasMenores,Antigo,Zacarias,zc,9
ZC 10,312,ProfetasMenores,Antigo,Zacarias,zc,10
ZC 11,417,ProfetasMenores,Antigo,Zacarias,zc,11
ZC 12,369,ProfetasMenores,Antigo,Zacarias,zc,12
ZC 13,240,ProfetasMenores,Antigo,Zacarias,zc,13
ZC 14,563,ProfetasMenores,Antigo,Zacarias,zc,14
ML 1,454,ProfetasMenores,Antigo,Malaquias,ml,1
ML 2,528,ProfetasMenores,Antigo,Malaquias,ml,2
ML 3,507,ProfetasMenores,Antigo,Malaquias,ml,3
ML 4,164,ProfetasMenores,Antigo,Malaquias,ml,4
MT 1,390,Evangelho,Novo,Mateus,mt,1
MT 2,530,Evangelho,Novo,Mateus,mt,2
MT 3,346,Evangelho,Novo,Mateus,mt,3
MT 4,466,Evangelho,Novo,Mateus,mt,4
MT 5,956,Evangelho,Novo,Mateus,mt,5
MT 6,762,Evangelho,Novo,Mateus,mt,6
MT 7,550,Evangelho,Novo,Mateus,mt,7
MT 8,642,Evangelho,Novo,Mateus,mt,8
MT 9,705,Evangelho,Novo,Mateus,mt,9
MT 10,792,Evangelho,Novo,Mateus,mt,10
MT 11,601,Evangelho,Novo,Mateus,mt,11
MT 12,991,Evangelho,Novo,Mateus,mt,12
MT 13,1194,Evangelho,Novo,Mateus,mt,13
MT 14,605,Evangelho,Novo,Mateus,mt,14
MT 15,685,Evangelho,Novo,Mateus,mt,15
MT 16,615,Evangelho,Novo,Mateus,mt,16
MT 17,567,Evangelho,Novo,Mateus,mt,17
MT 18,753,Evangelho,Novo,Mateus,mt,18
MT 19,601,Evangelho,Novo,Mateus,mt,19
MT 20,662,Evangelho,Novo,Mateus,mt,20
MT 21,960,Evangelho,Novo,Mateus,mt,21
MT 22,776,Evangelho,Novo,Mateus,mt,22
MT 23,792,Evangelho,Novo,Mateus,mt,23
MT 24,879,Evangelho,Novo,Mateus,mt,24
MT 25,865,Evangelho,Novo,Mateus,mt,25
MT 26,1439,Evangelho,Novo,Mateus,mt,26
MT 27,1177,Evangelho,Novo,Mateus,mt,27
MT 28,388,Evangelho,Novo,Mateus,mt,28
MC 1,773,Evangelho,Novo,Marcos,mc,1
MC 2,593,Evangelho,Novo,Marcos,mc,2
MC 3,627,Evangelho,Novo,Marcos,mc,3
MC 4,773,Evangelho,Novo,Marcos,mc,4
MC 5,814,Evangelho,Novo,Marcos,mc,5
MC 6,1091,Evangelho,Novo,Marcos,mc,6
MC 7,741,Evangelho,Novo,Marcos,mc,7
MC 8,728,Evangelho,Novo,Marcos,mc,8
MC 9,986,Evangelho,Novo,Marcos,mc,9
MC 10,1017,Evangelho,Novo,Marcos,mc,10
MC 11,617,Evangelho,Novo,Marcos,mc,11
MC 12,946,Evangelho,Novo,Marcos,mc,12
MC 13,659,Evangelho,Novo,Marcos,mc,13
MC 14,1383,Evangelho,Novo,Marcos,mc,14
MC 15,799,Evangelho,Novo,Marcos,mc,15
MC 16,368,Evangelho,Novo,Marcos,mc,16
LC 1,1295,Evangelho,Novo,Lucas,lc,1
LC 2,946,Evangelho,Novo,Lucas,lc,2
LC 3,729,Evangelho,Novo,Lucas,lc,3
LC 4,846,Evangelho,Novo,Lucas,lc,4
LC 5,825,Evangelho,Novo,Lucas,lc,5
LC 6,1056,Evangelho,Novo,Lucas,lc,6
LC 7,1035,Evangelho,Novo,Lucas,lc,7
LC 8,1234,Evangelho,Novo,Lucas,lc,8
LC 9,1282,Evangelho,Novo,Lucas,lc,9
LC 10,876,Evangelho,Novo,Lucas,lc,10
LC 11,1170,Evangelho,Novo,Lucas,lc,11
LC 12,1219,Evangelho,Novo,Lucas,lc,12
LC 13,733,Evangelho,Novo,Lucas,lc,13
LC 14,719,Evangelho,Novo,Lucas,lc,14
LC 15,644,Evangelho,Novo,Lucas,lc,15
LC 16,716,Evangelho,Novo,Lucas,lc,16
LC 17,657,Evangelho,Novo,Lucas,lc,17
LC 18,769,Evangelho,Novo,Lucas,lc,18
LC 19,856,Evangelho,Novo,Lucas,lc,19
LC 20,858,Evangelho,Novo,Lucas,lc,20
LC 21,659,Evangelho,Novo,Lucas,lc,21
LC 22,1236,Evangelho,Novo,Lucas,lc,22
LC 23,967,Evangelho,Novo,Lucas,lc,23
LC 24,918,Evangelho,Novo,Lucas,lc,24
JO 1,917,Evangelho,Novo,João,jo,1
JO 2,469,Evangelho,Novo,João,jo,2
JO 3,703,Evangelho,Novo,João,jo,3
JO 4,1021,Evangelho,Novo,João,jo,4
JO 5,922,Evangelho,Novo,João,jo,5
JO 6,1317,Evangelho,Novo,João,jo,6
JO 7,938,Evangelho,Novo,João,jo,7
JO 8,1166,Evangelho,Novo,João,jo,8
JO 9,749,Evangelho,Novo,João,jo,9
JO 10,737,Evangelho,Novo,João,jo,10
JO 11,969,Evangelho,Novo,João,jo,11
JO 12,974,Evangelho,Novo,João,jo,12
JO 13,743,Evangelho,Novo,João,jo,13
JO 14,625,Evangelho,Novo,João,jo,14
JO 15,550,Evangelho,Novo,João,jo,15
JO 16,679,Evangelho,Novo,João,jo,16
JO 17,542,Evangelho,Novo,João,jo,17
JO 18,820,Evangelho,Novo,João,jo,18
JO 19,941,Evangelho,Novo,João,jo,19
JO 20,630,Evangelho,Novo,João,jo,20
JO 21,599,Evangelho,Novo,João,jo,21
ATOS 1,583,Outros,Novo,Atos,atos,1
ATOS 2,877,Outros,Novo,Atos,atos,2
ATOS 3,558,Outros,Novo,Atos,atos,3
ATOS 4,760,Outros,Novo,Atos,atos,4
ATOS 5,898,Outros,Novo,Atos,atos,5
ATOS 6,319,Outros,Novo,Atos,atos,6
ATOS 7,1270,Outros,Novo,Atos,atos,7
ATOS 8,774,Outros,Novo,Atos,atos,8
ATOS 9,880,Outros,Novo,Atos,atos,9
ATOS 10,944,Outros,Novo,Atos,atos,10
ATOS 11,575,Outros,Novo,Atos,atos,11
ATOS 12,585,Outros,Novo,Atos,atos,12
ATOS 13,1057,Outros,Novo,Atos,atos,13
ATOS 14,569,Outros,Novo,Atos,atos,14
ATOS 15,805,Outros,Novo,Atos,atos,15
ATOS 16,839,Outros,Novo,Atos,atos,16
ATOS 17,800,Outros,Novo,Atos,atos,17
ATOS 18,599,Outros,Novo,Atos,atos,18
ATOS 19,903,Outros,Novo,Atos,atos,19
ATOS 20,758,Outros,Novo,Atos,atos,20
ATOS 21,877,Outros,Novo,Atos,atos,21
ATOS 22,628,Outros,Novo,Atos,atos,22
ATOS 23,771,Outros,Novo,Atos,atos,23
ATOS 24,594,Outros,Novo,Atos,atos,24
ATOS 25,647,Outros,Novo,Atos,atos,25
ATOS 26,745,Outros,Novo,Atos,atos,26
ATOS 27,962,Outros,Novo,Atos,atos,27
ATOS 28,736,Outros,Novo,Atos,atos,28
RM 1,700,EpistolasPaulinas,Novo,Romanos,rm,1
RM 2,576,EpistolasPaulinas,Novo,Romanos,rm,2
RM 3,524,EpistolasPaulinas,Novo,Romanos,rm,3
RM 4,539,EpistolasPaulinas,Novo,Romanos,rm,4
RM 5,514,EpistolasPaulinas,Novo,Romanos,rm,5
RM 6,480,EpistolasPaulinas,Novo,Romanos,rm,6
RM 7,598,EpistolasPaulinas,Novo,Romanos,rm,7
RM 8,837,EpistolasPaulinas,Novo,Romanos,rm,8
RM 9,655,EpistolasPaulinas,Novo,Romanos,rm,9
RM 10,428,EpistolasPaulinas,Novo,Romanos,rm,10
RM 11,716,EpistolasPaulinas,Novo,Romanos,rm,11
RM 12,424,EpistolasPaulinas,Novo,Romanos,rm,12
RM 13,349,EpistolasPaulinas,Novo,Romanos,rm,13
RM 14,512,EpistolasPaulinas,Novo,Romanos,rm,14
RM 15,728,EpistolasPaulinas,Novo,Romanos,rm,15
RM 16,488,EpistolasPaulinas,Novo,Romanos,rm,16
1CO 1,624,EpistolasPaulinas,Novo,1 Coríntios,1co,1
1CO 2,352,EpistolasPaulinas,Novo,1 Coríntios,1co,2
1CO 3,432,EpistolasPaulinas,Novo,1 Coríntios,1co,3
1CO 4,476,EpistolasPaulinas,Novo,1 Coríntios,1co,4
1CO 5,293,EpistolasPaulinas,Novo,1 Coríntios,1co,5
1CO 6,437,EpistolasPaulinas,Novo,1 Coríntios,1co,6
1CO 7,922,EpistolasPaulinas,Novo,1 Coríntios,1co,7
1CO 8,281,EpistolasPaulinas,Novo,1 Coríntios,1co,8
1CO 9,634,EpistolasPaulinas,Novo,1 Coríntios,1co,9
1CO 10,620,EpistolasPaulinas,Novo,1 Coríntios,1co,10
1CO 11,672,EpistolasPaulinas,Novo,1 Coríntios,1co,11
1CO 12,597,EpistolasPaulinas,Novo,1 Coríntios,1co,12
1CO 13,243,EpistolasPaulinas,Novo,1 Coríntios,1co,13
1CO 14,794,EpistolasPaulinas,Novo,1 Coríntios,1co,14
1CO 15,1099,EpistolasPaulinas,Novo,1 Coríntios,1co,15
1CO 16,417,EpistolasPaulinas,Novo,1 Coríntios,1co,16
2CO 1,574,EpistolasPaulinas,Novo,2 Coríntios,2co,1
2CO 2,344,EpistolasPaulinas,Novo,2 Coríntios,2co,2
2CO 3,378,EpistolasPaulinas,Novo,2 Coríntios,2co,3
2CO 4,392,EpistolasPaulinas,Novo,2 Coríntios,2co,4
2CO 5,449,EpistolasPaulinas,Novo,2 Coríntios,2co,5
2CO 6,339,EpistolasPaulinas,Novo,2 Coríntios,2co,6
2CO 7,411,EpistolasPaulinas,Novo,2 Coríntios,2co,7
2CO 8,545,EpistolasPaulinas,Novo,2 Coríntios,2co,8
2CO 9,388,EpistolasPaulinas,Novo,2 Coríntios,2co,9
2CO 10,411,EpistolasPaulinas,Novo,2 Coríntios,2co,10
2CO 11,683,EpistolasPaulinas,Novo,2 Coríntios,2co,11
2CO 12,536,EpistolasPaulinas,Novo,2 Coríntios,2co,12
2CO 13,300,EpistolasPaulinas,Novo,2 Coríntios,2co,13
GL 1,432,EpistolasPaulinas,Novo,Gálatas,gl,1
GL 2,492,EpistolasPaulinas,Novo,Gálatas,gl,2
GL 3,601,EpistolasPaulinas,Novo,Gálatas,gl,3
GL 4,581,EpistolasPaulinas,Novo,Gálatas,gl,4
GL 5,422,EpistolasPaulinas,Novo,Gálatas,gl,5
GL 6,331,EpistolasPaulinas,Novo,Gálatas,gl,6
EF 1,474,EpistolasPaulinas,Novo,Efésios,ef,1
EF 2,421,EpistolasPaulinas,Novo,Efésios,ef,2
EF 3,399,EpistolasPaulinas,Novo,Efésios,ef,3
EF 4,607,EpistolasPaulinas,Novo,Efésios,ef,4
EF 5,548,EpistolasPaulinas,Novo,Efésios,ef,5
EF 6,452,EpistolasPaulinas,Novo,Efésios,ef,6
FP 1,629,EpistolasPaulinas,Novo,Filipenses,fp,1
FP 2,562,EpistolasPaulinas,Novo,Filipenses,fp,2
FP 3,466,EpistolasPaulinas,Novo,Filipenses,fp,3
FP 4,482,EpistolasPaulinas,Novo,Filipenses,fp,4
CL 1,637,EpistolasPaulinas,Novo,Colossenses,cl,1
CL 2,509,EpistolasPaulinas,Novo,Colossenses,cl,2
CL 3,459,EpistolasPaulinas,Novo,Colossenses,cl,3
CL 4,376,EpistolasPaulinas,Novo,Colossenses,cl,4
1TS 1,254,EpistolasPaulinas,Novo,1 Tessalonicenses,1ts,1
1TS 2,473,EpistolasPaulinas,Novo,1 Tessalonicenses,1ts,2
1TS 3,290,EpistolasPaulinas,Novo,1 Tessalonicenses,1ts,3
1TS 4,371,EpistolasPaulinas,Novo,1 Tessalonicenses,1ts,4
1TS 5,396,EpistolasPaulinas,Novo,1 Tessalonicenses,1ts,5
2TS 1,288,EpistolasPaulinas,Novo,2 Tessalonicenses,2ts,1
2TS 2,387,EpistolasPaulinas,Novo,2 Tessalonicenses,2ts,2
2TS 3,335,EpistolasPaulinas,Novo,2 Tessalonicenses,2ts,3
1TM 1,439,EpistolasPaulinas,Novo,1 Timóteo,1tm,1
1TM 2,250,EpistolasPaulinas,Novo,1 Timóteo,1tm,2
1TM 3,287,EpistolasPaulinas,Novo,1 Timóteo,1tm,3
1TM 4,294,EpistolasPaulinas,Novo,1 Timóteo,1tm,4
1TM 5,509,EpistolasPaulinas,Novo,1 Timóteo,1tm,5
1TM 6,494,EpistolasPaulinas,Novo,1 Timóteo,1tm,6
2TM 1,393,EpistolasPaulinas,Novo,2 Timóteo,2tm,1
2TM 2,491,EpistolasPaulinas,Novo,2 Timóteo,2tm,2
2TM 3,301,EpistolasPaulinas,Novo,2 Timóteo,2tm,3
2TM 4,389,EpistolasPaulinas,Novo,2 Timóteo,2tm,4
TT 1,356,EpistolasPaulinas,Novo,Tito,tt,1
TT 2,313,EpistolasPaulinas,Novo,Tito,tt,2
TT 3,329,EpistolasPaulinas,Novo,Tito,tt,3
FM 1,426,EpistolasPaulinas,Novo,Filemom,fm,1
HB 1,307,EpistolasGerais,Novo,Hebreus,hb,1
HB 2,425,EpistolasGerais,Novo,Hebreus,hb,2
HB 3,367,EpistolasGerais,Novo,Hebreus,hb,3
HB 4,400,EpistolasGerais,Novo,Hebreus,hb,4
HB 5,289,EpistolasGerais,Novo,Hebreus,hb,5
HB 6,408,EpistolasGerais,Novo,Hebreus,hb,6
HB 7,557,EpistolasGerais,Novo,Hebreus,hb,7
HB 8,338,EpistolasGerais,Novo,Hebreus,hb,8
HB 9,709,EpistolasGerais,Novo,Hebreus,hb,9
HB 10,725,EpistolasGerais,Novo,Hebreus,hb,10
HB 11,865,EpistolasGerais,Novo,Hebreus,hb,11
HB 12,644,EpistolasGerais,Novo,Hebreus,hb,12
HB 13,508,EpistolasGerais,Novo,Hebreus,hb,13
TG 1,528,EpistolasGerais,Novo,Tiago,tg,1
TG 2,525,EpistolasGerais,Novo,Tiago,tg,2
TG 3,364,EpistolasGerais,Novo,Tiago,tg,3
TG 4,352,EpistolasGerais,Novo,Tiago,tg,4
TG 5,442,EpistolasGerais,Novo,Tiago,tg,5
1PE 1,598,EpistolasGerais,Novo,1 Pedro,1pe,1
1PE 2,534,EpistolasGerais,Novo,1 Pedro,1pe,2
1PE 3,511,EpistolasGerais,Novo,1 Pedro,1pe,3
1PE 4,420,EpistolasGerais,Novo,1 Pedro,1pe,4
1PE 5,310,EpistolasGerais,Novo,1 Pedro,1pe,5
2PE 1,466,EpistolasGerais,Novo,2 Pedro,2pe,1
2PE 2,534,EpistolasGerais,Novo,2 Pedro,2pe,2
2PE 3,435,EpistolasGerais,Novo,2 Pedro,2pe,3
1JO 1,218,EpistolasGerais,Novo,1 João,1jo,1
1JO 2,629,EpistolasGerais,Novo,1 João,1jo,2
1JO 3,515,EpistolasGerais,Novo,1 João,1jo,3
1JO 4,453,EpistolasGerais,Novo,1 João,1jo,4
1JO 5,455,EpistolasGerais,Novo,1 João,1jo,5
2JO 1,286,EpistolasGerais,Novo,2 João,2jo,1
3JO 1,297,EpistolasGerais,Novo,3 João,3jo,1
JD 1,601,EpistolasGerais,Novo,Judas,jd,1
AP 1,522,Apocaliptico,Novo,Apocalipse,ap,1
AP 2,732,Apocaliptico,Novo,Apocalipse,ap,2
AP 3,577,Apocaliptico,Novo,Apocalipse,ap,3
AP 4,322,Apocaliptico,Novo,Apocalipse,ap,4
AP 5,380,Apocaliptico,Novo,Apocalipse,ap,5
AP 6,450,Apocaliptico,Novo,Apocalipse,ap,6
AP 7,412,Apocaliptico,Novo,Apocalipse,ap,7
AP 8,344,Apocaliptico,Novo,Apocalipse,ap,8
AP 9,503,Apocaliptico,Novo,Apocalipse,ap,9
AP 10,328,Apocaliptico,Novo,Apocalipse,ap,10
AP 11,514,Apocaliptico,Novo,Apocalipse,ap,11
AP 12,469,Apocaliptico,Novo,Apocalipse,ap,12
AP 13,460,Apocaliptico,Novo,Apocalipse,ap,13
AP 14,576,Apocaliptico,Novo,Apocalipse,ap,14
AP 15,236,Apocaliptico,Novo,Apocalipse,ap,15
AP 16,518,Apocaliptico,Novo,Apocalipse,ap,16
AP 17,481,Apocaliptico,Novo,Apocalipse,ap,17
AP 18,670,Apocaliptico,Novo,Apocalipse,ap,18
AP 19,563,Apocaliptico,Novo,Apocalipse,ap,19
AP 20,436,Apocaliptico,Novo,Apocalipse,ap,20
AP 21,659,Apocaliptico,Novo,Apocalipse,ap,21
AP 22,495,Apocaliptico,Novo,Apocalipse,ap,22
